idiss,lon,lat,linkTask,linkSmall
32774,144.96328,-37.814107,http://crowdcrafting.org/app/nightcitiesiss/task/591768,http://eol.jsc.nasa.gov/sseop/images/ESC/small/ISS036/ISS036-E-32774.JPG
166514,144.96328,-37.814107,http://crowdcrafting.org/app/nightcitiesiss/task/591769,http://eol.jsc.nasa.gov/sseop/images/ESC/small/ISS030/ISS030-E-166514.JPG
250194,144.96328,-37.814107,http://crowdcrafting.org/app/nightcitiesiss/task/591770,http://eol.jsc.nasa.gov/sseop/images/ESC/small/ISS030/ISS030-E-250194.JPG
16105,144.96328,-37.814107,http://crowdcrafting.org/app/nightcitiesiss/task/591771,http://eol.jsc.nasa.gov/sseop/images/ESC/small/ISS037/ISS037-E-16105.JPG
8688,144.96328,-37.814107,http://crowdcrafting.org/app/nightcitiesiss/task/591772,http://eol.jsc.nasa.gov/sseop/images/ESC/small/ISS021/ISS021-E-8688.JPG
55036,119.98842,36.776358,http://crowdcrafting.org/app/nightcitiesiss/task/591773,http://eol.jsc.nasa.gov/sseop/images/ESC/small/ISS034/ISS034-E-55036.JPG
9712,77.22496,28.635308,http://crowdcrafting.org/app/nightcitiesiss/task/591774,http://eol.jsc.nasa.gov/sseop/images/ESC/small/ISS026/ISS026-E-9712.JPG
85860,77.22496,28.635308,http://crowdcrafting.org/app/nightcitiesiss/task/591775,http://eol.jsc.nasa.gov/sseop/images/ESC/small/ISS030/ISS030-E-85860.JPG
9874,77.22496,28.635308,http://crowdcrafting.org/app/nightcitiesiss/task/591776,http://eol.jsc.nasa.gov/sseop/images/ESC/small/ISS035/ISS035-E-9874.JPG
13304,-97.6779842,30.6332618,http://crowdcrafting.org/app/nightcitiesiss/task/591777,http://eol.jsc.nasa.gov/sseop/images/ESC/small/ISS037/ISS037-E-13304.JPG
17353,175.5762929,-38.206078,http://crowdcrafting.org/app/nightcitiesiss/task/591778,http://eol.jsc.nasa.gov/sseop/images/ESC/small/ISS027/ISS027-E-17353.JPG
8194,175.5762929,-38.206078,http://crowdcrafting.org/app/nightcitiesiss/task/591779,http://eol.jsc.nasa.gov/sseop/images/ESC/small/ISS035/ISS035-E-8194.JPG
20983,-1.61778,54.978252,http://crowdcrafting.org/app/nightcitiesiss/task/591780,http://eol.jsc.nasa.gov/sseop/images/ESC/small/ISS037/ISS037-E-20983.JPG
20987,-1.61778,54.978252,http://crowdcrafting.org/app/nightcitiesiss/task/591781,http://eol.jsc.nasa.gov/sseop/images/ESC/small/ISS037/ISS037-E-20987.JPG
242443,100.557874,13.779505,http://crowdcrafting.org/app/nightcitiesiss/task/591782,http://eol.jsc.nasa.gov/sseop/images/ESC/small/ISS030/ISS030-E-242443.JPG
84480,-100.5725445,28.6769135,http://crowdcrafting.org/app/nightcitiesiss/task/591783,http://eol.jsc.nasa.gov/sseop/images/ESC/small/ISS031/ISS031-E-84480.JPG
222989,-155.5827818,19.8967662,http://crowdcrafting.org/app/nightcitiesiss/task/591784,http://eol.jsc.nasa.gov/sseop/images/ESC/small/ISS030/ISS030-E-222989.JPG
36588,153.0234489,-27.4710107,http://crowdcrafting.org/app/nightcitiesiss/task/591785,http://eol.jsc.nasa.gov/sseop/images/ESC/small/ISS036/ISS036-E-36588.JPG
280528,149.1286843,-35.2819998,http://crowdcrafting.org/app/nightcitiesiss/task/591786,http://eol.jsc.nasa.gov/sseop/images/ESC/small/ISS030/ISS030-E-280528.JPG
9251,151.2069902,-33.8674869,http://crowdcrafting.org/app/nightcitiesiss/task/591787,http://eol.jsc.nasa.gov/sseop/images/ESC/small/ISS035/ISS035-E-9251.JPG
166514,144.96328,-37.814107,http://crowdcrafting.org/app/nightcitiesiss/task/591788,http://eol.jsc.nasa.gov/sseop/images/ESC/small/ISS030/ISS030-E-166514.JPG
22746,-115.9253221,38.662155,http://crowdcrafting.org/app/nightcitiesiss/task/591789,http://eol.jsc.nasa.gov/sseop/images/ESC/small/ISS033/ISS033-E-22746.JPG
250193,144.96328,-37.814107,http://crowdcrafting.org/app/nightcitiesiss/task/591790,http://eol.jsc.nasa.gov/sseop/images/ESC/small/ISS030/ISS030-E-250193.JPG
183775,-149.4260421,-17.6509195,http://crowdcrafting.org/app/nightcitiesiss/task/591791,http://eol.jsc.nasa.gov/sseop/images/ESC/small/ISS030/ISS030-E-183775.JPG
32769,144.96328,-37.814107,http://crowdcrafting.org/app/nightcitiesiss/task/591792,http://eol.jsc.nasa.gov/sseop/images/ESC/small/ISS036/ISS036-E-32769.JPG
14336,140.8693558,38.268215,http://crowdcrafting.org/app/nightcitiesiss/task/591793,http://eol.jsc.nasa.gov/sseop/images/ESC/small/ISS033/ISS033-E-14336.JPG
22445,138.252924,36.204824,http://crowdcrafting.org/app/nightcitiesiss/task/591794,http://eol.jsc.nasa.gov/sseop/images/ESC/small/ISS033/ISS033-E-22445.JPG
13558,133.775136,-25.274398,http://crowdcrafting.org/app/nightcitiesiss/task/591795,http://eol.jsc.nasa.gov/sseop/images/ESC/small/ISS036/ISS036-E-13558.JPG
208956,135.5021651,34.6937378,http://crowdcrafting.org/app/nightcitiesiss/task/591796,http://eol.jsc.nasa.gov/sseop/images/ESC/small/ISS030/ISS030-E-208956.JPG
9197,138.5999594,-34.9286212,http://crowdcrafting.org/app/nightcitiesiss/task/591797,http://eol.jsc.nasa.gov/sseop/images/ESC/small/ISS035/ISS035-E-9197.JPG
21462,138.252924,36.204824,http://crowdcrafting.org/app/nightcitiesiss/task/591798,http://eol.jsc.nasa.gov/sseop/images/ESC/small/ISS033/ISS033-E-21462.JPG
31424,138.252924,36.204824,http://crowdcrafting.org/app/nightcitiesiss/task/591799,http://eol.jsc.nasa.gov/sseop/images/ESC/small/ISS023/ISS023-E-31424.JPG
30781,138.252924,36.204824,http://crowdcrafting.org/app/nightcitiesiss/task/591800,http://eol.jsc.nasa.gov/sseop/images/ESC/small/ISS036/ISS036-E-30781.JPG
22734,138.252924,36.204824,http://crowdcrafting.org/app/nightcitiesiss/task/591801,http://eol.jsc.nasa.gov/sseop/images/ESC/small/ISS033/ISS033-E-22734.JPG
11119,135.5021651,34.6937378,http://crowdcrafting.org/app/nightcitiesiss/task/591802,http://eol.jsc.nasa.gov/sseop/images/ESC/small/ISS033/ISS033-E-11119.JPG
14296,138.252924,36.204824,http://crowdcrafting.org/app/nightcitiesiss/task/591803,http://eol.jsc.nasa.gov/sseop/images/ESC/small/ISS035/ISS035-E-14296.JPG
35432,127.766922,35.907757,http://crowdcrafting.org/app/nightcitiesiss/task/591804,http://eol.jsc.nasa.gov/sseop/images/ESC/small/ISS034/ISS034-E-35432.JPG
38855,127.766922,35.907757,http://crowdcrafting.org/app/nightcitiesiss/task/591805,http://eol.jsc.nasa.gov/sseop/images/ESC/small/ISS034/ISS034-E-38855.JPG
4422,121.473701,31.230416,http://crowdcrafting.org/app/nightcitiesiss/task/591806,http://eol.jsc.nasa.gov/sseop/images/ESC/small/ISS038/ISS038-E-4422.JPG
38853,127.766922,35.907757,http://crowdcrafting.org/app/nightcitiesiss/task/591807,http://eol.jsc.nasa.gov/sseop/images/ESC/small/ISS034/ISS034-E-38853.JPG
47360,138.252924,36.204824,http://crowdcrafting.org/app/nightcitiesiss/task/591808,http://eol.jsc.nasa.gov/sseop/images/ESC/small/ISS034/ISS034-E-47360.JPG
13075,-106.346771,56.130366,http://crowdcrafting.org/app/nightcitiesiss/task/591809,http://eol.jsc.nasa.gov/sseop/images/ESC/small/ISS035/ISS035-E-13075.JPG
223648,-123.1139268,49.261226,http://crowdcrafting.org/app/nightcitiesiss/task/591810,http://eol.jsc.nasa.gov/sseop/images/ESC/small/ISS030/ISS030-E-223648.JPG
43973,-122.4194155,37.7749295,http://crowdcrafting.org/app/nightcitiesiss/task/591811,http://eol.jsc.nasa.gov/sseop/images/ESC/small/ISS034/ISS034-E-43973.JPG
44295,-106.346771,56.130366,http://crowdcrafting.org/app/nightcitiesiss/task/591812,http://eol.jsc.nasa.gov/sseop/images/ESC/small/ISS034/ISS034-E-44295.JPG
224852,-106.346771,56.130366,http://crowdcrafting.org/app/nightcitiesiss/task/591813,http://eol.jsc.nasa.gov/sseop/images/ESC/small/ISS030/ISS030-E-224852.JPG
51904,127.766922,35.907757,http://crowdcrafting.org/app/nightcitiesiss/task/591814,http://eol.jsc.nasa.gov/sseop/images/ESC/small/ISS034/ISS034-E-51904.JPG
224480,39.8166667,21.4166667,http://crowdcrafting.org/app/nightcitiesiss/task/591815,http://eol.jsc.nasa.gov/sseop/images/ESC/small/ISS030/ISS030-E-224480.JPG
18984,-95.712891,37.09024,http://crowdcrafting.org/app/nightcitiesiss/task/591816,http://eol.jsc.nasa.gov/sseop/images/ESC/small/ISS035/ISS035-E-18984.JPG
43984,-122.4194155,37.7749295,http://crowdcrafting.org/app/nightcitiesiss/task/591817,http://eol.jsc.nasa.gov/sseop/images/ESC/small/ISS034/ISS034-E-43984.JPG
248814,-122.4194155,37.7749295,http://crowdcrafting.org/app/nightcitiesiss/task/591818,http://eol.jsc.nasa.gov/sseop/images/ESC/small/ISS030/ISS030-E-248814.JPG
14040,-106.346771,56.130366,http://crowdcrafting.org/app/nightcitiesiss/task/591819,http://eol.jsc.nasa.gov/sseop/images/ESC/small/ISS035/ISS035-E-14040.JPG
128072,133.775136,-25.274398,http://crowdcrafting.org/app/nightcitiesiss/task/591820,http://eol.jsc.nasa.gov/sseop/images/ESC/small/ISS031/ISS031-E-128072.JPG
95683,-122.4194155,37.7749295,http://crowdcrafting.org/app/nightcitiesiss/task/591821,http://eol.jsc.nasa.gov/sseop/images/ESC/small/ISS031/ISS031-E-95683.JPG
16116,10.5,45.0,http://crowdcrafting.org/app/nightcitiesiss/task/591822,http://eol.jsc.nasa.gov/sseop/images/ESC/small/ISS007/ISS007-E-16116.JPG
35421,125.1666667,32.1166667,http://crowdcrafting.org/app/nightcitiesiss/task/591823,http://eol.jsc.nasa.gov/sseop/images/ESC/small/ISS034/ISS034-E-35421.JPG
22115,-122.4194155,37.7749295,http://crowdcrafting.org/app/nightcitiesiss/task/591824,http://eol.jsc.nasa.gov/sseop/images/ESC/small/ISS035/ISS035-E-22115.JPG
13369,-118.2436849,34.0522342,http://crowdcrafting.org/app/nightcitiesiss/task/591825,http://eol.jsc.nasa.gov/sseop/images/ESC/small/ISS027/ISS027-E-13369.JPG
228297,-122.4194155,37.7749295,http://crowdcrafting.org/app/nightcitiesiss/task/591826,http://eol.jsc.nasa.gov/sseop/images/ESC/small/ISS030/ISS030-E-228297.JPG
213339,-122.4194155,37.7749295,http://crowdcrafting.org/app/nightcitiesiss/task/591827,http://eol.jsc.nasa.gov/sseop/images/ESC/small/ISS030/ISS030-E-213339.JPG
35548,-119.8138027,39.5296329,http://crowdcrafting.org/app/nightcitiesiss/task/591828,http://eol.jsc.nasa.gov/sseop/images/ESC/small/ISS034/ISS034-E-35548.JPG
38811,126.9780327,37.5709047,http://crowdcrafting.org/app/nightcitiesiss/task/591829,http://eol.jsc.nasa.gov/sseop/images/ESC/small/ISS034/ISS034-E-38811.JPG
44268,-114.0581012,51.0453246,http://crowdcrafting.org/app/nightcitiesiss/task/591830,http://eol.jsc.nasa.gov/sseop/images/ESC/small/ISS034/ISS034-E-44268.JPG
17182,4.4811111,51.9216667,http://crowdcrafting.org/app/nightcitiesiss/task/591831,http://eol.jsc.nasa.gov/sseop/images/ESC/small/ISS035/ISS035-E-17182.JPG
217598,4.4811111,51.9216667,http://crowdcrafting.org/app/nightcitiesiss/task/591832,http://eol.jsc.nasa.gov/sseop/images/ESC/small/ISS030/ISS030-E-217598.JPG
271005,-122.4194155,37.7749295,http://crowdcrafting.org/app/nightcitiesiss/task/591833,http://eol.jsc.nasa.gov/sseop/images/ESC/small/ISS030/ISS030-E-271005.JPG
85905,4.4811111,51.9216667,http://crowdcrafting.org/app/nightcitiesiss/task/591834,http://eol.jsc.nasa.gov/sseop/images/ESC/small/ISS030/ISS030-E-85905.JPG
15322,104.195397,35.86166,http://crowdcrafting.org/app/nightcitiesiss/task/591835,http://eol.jsc.nasa.gov/sseop/images/ESC/small/ISS035/ISS035-E-15322.JPG
40460,-114.0581012,51.0453246,http://crowdcrafting.org/app/nightcitiesiss/task/591836,http://eol.jsc.nasa.gov/sseop/images/ESC/small/ISS034/ISS034-E-40460.JPG
18916,18.4240553,-33.9248685,http://crowdcrafting.org/app/nightcitiesiss/task/591837,http://eol.jsc.nasa.gov/sseop/images/ESC/small/ISS027/ISS027-E-18916.JPG
12912,18.4240553,-33.9248685,http://crowdcrafting.org/app/nightcitiesiss/task/591838,http://eol.jsc.nasa.gov/sseop/images/ESC/small/ISS025/ISS025-E-12912.JPG
14102,-122.3320708,47.6062095,http://crowdcrafting.org/app/nightcitiesiss/task/591839,http://eol.jsc.nasa.gov/sseop/images/ESC/small/ISS027/ISS027-E-14102.JPG
38790,104.195397,35.86166,http://crowdcrafting.org/app/nightcitiesiss/task/591840,http://eol.jsc.nasa.gov/sseop/images/ESC/small/ISS034/ISS034-E-38790.JPG
54927,104.195397,35.86166,http://crowdcrafting.org/app/nightcitiesiss/task/591841,http://eol.jsc.nasa.gov/sseop/images/ESC/small/ISS038/ISS038-E-54927.JPG
35546,-79.0347222,35.0333333,http://crowdcrafting.org/app/nightcitiesiss/task/591842,http://eol.jsc.nasa.gov/sseop/images/ESC/small/ISS034/ISS034-E-35546.JPG
228123,-106.346771,56.130366,http://crowdcrafting.org/app/nightcitiesiss/task/591843,http://eol.jsc.nasa.gov/sseop/images/ESC/small/ISS030/ISS030-E-228123.JPG
271017,-95.712891,37.09024,http://crowdcrafting.org/app/nightcitiesiss/task/591844,http://eol.jsc.nasa.gov/sseop/images/ESC/small/ISS030/ISS030-E-271017.JPG
271607,56.172447,27.162006,http://crowdcrafting.org/app/nightcitiesiss/task/591845,http://eol.jsc.nasa.gov/sseop/images/ESC/small/ISS030/ISS030-E-271607.JPG
82749,121.774017,12.879721,http://crowdcrafting.org/app/nightcitiesiss/task/591846,http://eol.jsc.nasa.gov/sseop/images/ESC/small/ISS030/ISS030-E-82749.JPG
237749,-122.4194155,37.7749295,http://crowdcrafting.org/app/nightcitiesiss/task/591847,http://eol.jsc.nasa.gov/sseop/images/ESC/small/ISS030/ISS030-E-237749.JPG
223654,-114.0581012,51.0453246,http://crowdcrafting.org/app/nightcitiesiss/task/591848,http://eol.jsc.nasa.gov/sseop/images/ESC/small/ISS030/ISS030-E-223654.JPG
237357,46.7241667,24.7116667,http://crowdcrafting.org/app/nightcitiesiss/task/591849,http://eol.jsc.nasa.gov/sseop/images/ESC/small/ISS030/ISS030-E-237357.JPG
38774,,,http://crowdcrafting.org/app/nightcitiesiss/task/591850,http://eol.jsc.nasa.gov/sseop/images/ESC/small/ISS034/ISS034-E-38774.JPG
208933,4.4811111,51.9216667,http://crowdcrafting.org/app/nightcitiesiss/task/591851,http://eol.jsc.nasa.gov/sseop/images/ESC/small/ISS030/ISS030-E-208933.JPG
40654,120.960515,23.69781,http://crowdcrafting.org/app/nightcitiesiss/task/591852,http://eol.jsc.nasa.gov/sseop/images/ESC/small/ISS034/ISS034-E-40654.JPG
28273,104.195397,35.86166,http://crowdcrafting.org/app/nightcitiesiss/task/591853,http://eol.jsc.nasa.gov/sseop/images/ESC/small/ISS036/ISS036-E-28273.JPG
55035,,,http://crowdcrafting.org/app/nightcitiesiss/task/591854,http://eol.jsc.nasa.gov/sseop/images/ESC/small/ISS034/ISS034-E-55035.JPG
228309,-115.2383485,36.255123,http://crowdcrafting.org/app/nightcitiesiss/task/591855,http://eol.jsc.nasa.gov/sseop/images/ESC/small/ISS030/ISS030-E-228309.JPG
44034,-118.2436849,34.0522342,http://crowdcrafting.org/app/nightcitiesiss/task/591856,http://eol.jsc.nasa.gov/sseop/images/ESC/small/ISS034/ISS034-E-44034.JPG
9709,-113.4909267,53.544389,http://crowdcrafting.org/app/nightcitiesiss/task/591857,http://eol.jsc.nasa.gov/sseop/images/ESC/small/ISS035/ISS035-E-9709.JPG
223010,-114.0581012,51.0453246,http://crowdcrafting.org/app/nightcitiesiss/task/591858,http://eol.jsc.nasa.gov/sseop/images/ESC/small/ISS030/ISS030-E-223010.JPG
124224,122.174605,-0.6376094,http://crowdcrafting.org/app/nightcitiesiss/task/591859,http://eol.jsc.nasa.gov/sseop/images/ESC/small/ISS031/ISS031-E-124224.JPG
229355,-122.3320708,47.6062095,http://crowdcrafting.org/app/nightcitiesiss/task/591860,http://eol.jsc.nasa.gov/sseop/images/ESC/small/ISS030/ISS030-E-229355.JPG
172413,18.4240553,-33.9248685,http://crowdcrafting.org/app/nightcitiesiss/task/591861,http://eol.jsc.nasa.gov/sseop/images/ESC/small/ISS030/ISS030-E-172413.JPG
83677,-117.1610838,32.715738,http://crowdcrafting.org/app/nightcitiesiss/task/591862,http://eol.jsc.nasa.gov/sseop/images/ESC/small/ISS030/ISS030-E-83677.JPG
222943,-115.2383485,36.255123,http://crowdcrafting.org/app/nightcitiesiss/task/591863,http://eol.jsc.nasa.gov/sseop/images/ESC/small/ISS030/ISS030-E-222943.JPG
83463,-117.0382471,32.5149469,http://crowdcrafting.org/app/nightcitiesiss/task/591864,http://eol.jsc.nasa.gov/sseop/images/ESC/small/ISS030/ISS030-E-83463.JPG
271233,-115.2383485,36.255123,http://crowdcrafting.org/app/nightcitiesiss/task/591865,http://eol.jsc.nasa.gov/sseop/images/ESC/small/ISS030/ISS030-E-271233.JPG
31419,-115.2383485,36.255123,http://crowdcrafting.org/app/nightcitiesiss/task/591866,http://eol.jsc.nasa.gov/sseop/images/ESC/small/ISS034/ISS034-E-31419.JPG
172815,-115.2383485,36.255123,http://crowdcrafting.org/app/nightcitiesiss/task/591867,http://eol.jsc.nasa.gov/sseop/images/ESC/small/ISS030/ISS030-E-172815.JPG
223695,105.318756,61.52401,http://crowdcrafting.org/app/nightcitiesiss/task/591868,http://eol.jsc.nasa.gov/sseop/images/ESC/small/ISS030/ISS030-E-223695.JPG
47152,,,http://crowdcrafting.org/app/nightcitiesiss/task/591869,http://eol.jsc.nasa.gov/sseop/images/ESC/small/ISS034/ISS034-E-47152.JPG
172821,-113.5684164,37.0965278,http://crowdcrafting.org/app/nightcitiesiss/task/591870,http://eol.jsc.nasa.gov/sseop/images/ESC/small/ISS030/ISS030-E-172821.JPG
5440,-79.0347222,35.0333333,http://crowdcrafting.org/app/nightcitiesiss/task/591871,http://eol.jsc.nasa.gov/sseop/images/ESC/small/ISS035/ISS035-E-5440.JPG
36422,,,http://crowdcrafting.org/app/nightcitiesiss/task/591872,http://eol.jsc.nasa.gov/sseop/images/ESC/small/ISS034/ISS034-E-36422.JPG
274808,-106.346771,56.130366,http://crowdcrafting.org/app/nightcitiesiss/task/591873,http://eol.jsc.nasa.gov/sseop/images/ESC/small/ISS030/ISS030-E-274808.JPG
14810,2.8577105,39.5341789,http://crowdcrafting.org/app/nightcitiesiss/task/591874,http://eol.jsc.nasa.gov/sseop/images/ESC/small/ISS026/ISS026-E-14810.JPG
11069,-115.2383485,36.255123,http://crowdcrafting.org/app/nightcitiesiss/task/591875,http://eol.jsc.nasa.gov/sseop/images/ESC/small/ISS033/ISS033-E-11069.JPG
228140,-104.6066667,50.4547222,http://crowdcrafting.org/app/nightcitiesiss/task/591876,http://eol.jsc.nasa.gov/sseop/images/ESC/small/ISS030/ISS030-E-228140.JPG
271253,-79.0347222,35.0333333,http://crowdcrafting.org/app/nightcitiesiss/task/591877,http://eol.jsc.nasa.gov/sseop/images/ESC/small/ISS030/ISS030-E-271253.JPG
33263,-79.0347222,35.0333333,http://crowdcrafting.org/app/nightcitiesiss/task/591878,http://eol.jsc.nasa.gov/sseop/images/ESC/small/ISS034/ISS034-E-33263.JPG
271051,-110.9559192,29.0729673,http://crowdcrafting.org/app/nightcitiesiss/task/591879,http://eol.jsc.nasa.gov/sseop/images/ESC/small/ISS030/ISS030-E-271051.JPG
183802,-95.712891,37.09024,http://crowdcrafting.org/app/nightcitiesiss/task/591880,http://eol.jsc.nasa.gov/sseop/images/ESC/small/ISS030/ISS030-E-183802.JPG
83324,-95.712891,37.09024,http://crowdcrafting.org/app/nightcitiesiss/task/591881,http://eol.jsc.nasa.gov/sseop/images/ESC/small/ISS030/ISS030-E-83324.JPG
112407,-104.9847179,39.737567,http://crowdcrafting.org/app/nightcitiesiss/task/591882,http://eol.jsc.nasa.gov/sseop/images/ESC/small/ISS031/ISS031-E-112407.JPG
283116,-102.552784,23.634501,http://crowdcrafting.org/app/nightcitiesiss/task/591883,http://eol.jsc.nasa.gov/sseop/images/ESC/small/ISS030/ISS030-E-283116.JPG
50018,-102.552784,23.634501,http://crowdcrafting.org/app/nightcitiesiss/task/591884,http://eol.jsc.nasa.gov/sseop/images/ESC/small/ISS034/ISS034-E-50018.JPG
273456,103.846656,46.862496,http://crowdcrafting.org/app/nightcitiesiss/task/591885,http://eol.jsc.nasa.gov/sseop/images/ESC/small/ISS030/ISS030-E-273456.JPG
271964,-104.9847179,39.737567,http://crowdcrafting.org/app/nightcitiesiss/task/591886,http://eol.jsc.nasa.gov/sseop/images/ESC/small/ISS030/ISS030-E-271964.JPG
126063,101.975766,4.210484,http://crowdcrafting.org/app/nightcitiesiss/task/591887,http://eol.jsc.nasa.gov/sseop/images/ESC/small/ISS031/ISS031-E-126063.JPG
48655,-97.1374937,49.8997541,http://crowdcrafting.org/app/nightcitiesiss/task/591888,http://eol.jsc.nasa.gov/sseop/images/ESC/small/ISS034/ISS034-E-48655.JPG
223777,-106.4968055,31.7699559,http://crowdcrafting.org/app/nightcitiesiss/task/591889,http://eol.jsc.nasa.gov/sseop/images/ESC/small/ISS030/ISS030-E-223777.JPG
43226,-104.9847179,39.737567,http://crowdcrafting.org/app/nightcitiesiss/task/591890,http://eol.jsc.nasa.gov/sseop/images/ESC/small/ISS034/ISS034-E-43226.JPG
166443,-106.4968055,31.7699559,http://crowdcrafting.org/app/nightcitiesiss/task/591891,http://eol.jsc.nasa.gov/sseop/images/ESC/small/ISS030/ISS030-E-166443.JPG
223018,-97.1374937,49.8997541,http://crowdcrafting.org/app/nightcitiesiss/task/591892,http://eol.jsc.nasa.gov/sseop/images/ESC/small/ISS030/ISS030-E-223018.JPG
166441,-106.4968055,31.7699559,http://crowdcrafting.org/app/nightcitiesiss/task/591893,http://eol.jsc.nasa.gov/sseop/images/ESC/small/ISS030/ISS030-E-166441.JPG
11084,-106.4968055,31.7699559,http://crowdcrafting.org/app/nightcitiesiss/task/591894,http://eol.jsc.nasa.gov/sseop/images/ESC/small/ISS033/ISS033-E-11084.JPG
31427,-100.7837392,46.8083268,http://crowdcrafting.org/app/nightcitiesiss/task/591895,http://eol.jsc.nasa.gov/sseop/images/ESC/small/ISS034/ISS034-E-31427.JPG
52546,23.7293599,37.983917,http://crowdcrafting.org/app/nightcitiesiss/task/591896,http://eol.jsc.nasa.gov/sseop/images/ESC/small/ISS020/ISS020-E-52546.JPG
8700,103.819836,1.352083,http://crowdcrafting.org/app/nightcitiesiss/task/591897,http://eol.jsc.nasa.gov/sseop/images/ESC/small/ISS033/ISS033-E-8700.JPG
50027,-102.552784,23.634501,http://crowdcrafting.org/app/nightcitiesiss/task/591898,http://eol.jsc.nasa.gov/sseop/images/ESC/small/ISS034/ISS034-E-50027.JPG
10869,104.869423,13.5066394,http://crowdcrafting.org/app/nightcitiesiss/task/591899,http://eol.jsc.nasa.gov/sseop/images/ESC/small/ISS035/ISS035-E-10869.JPG
41597,2.8577105,39.5341789,http://crowdcrafting.org/app/nightcitiesiss/task/591900,http://eol.jsc.nasa.gov/sseop/images/ESC/small/ISS034/ISS034-E-41597.JPG
39170,-102.552784,23.634501,http://crowdcrafting.org/app/nightcitiesiss/task/591901,http://eol.jsc.nasa.gov/sseop/images/ESC/small/ISS034/ISS034-E-39170.JPG
8887,103.819836,1.352083,http://crowdcrafting.org/app/nightcitiesiss/task/591902,http://eol.jsc.nasa.gov/sseop/images/ESC/small/ISS033/ISS033-E-8887.JPG
17652,2.1734035,41.3850639,http://crowdcrafting.org/app/nightcitiesiss/task/591903,http://eol.jsc.nasa.gov/sseop/images/ESC/small/ISS037/ISS037-E-17652.JPG
14129,103.819836,1.352083,http://crowdcrafting.org/app/nightcitiesiss/task/591904,http://eol.jsc.nasa.gov/sseop/images/ESC/small/ISS033/ISS033-E-14129.JPG
7916,-102.552784,23.634501,http://crowdcrafting.org/app/nightcitiesiss/task/591905,http://eol.jsc.nasa.gov/sseop/images/ESC/small/ISS035/ISS035-E-7916.JPG
248898,-103.3496092,20.6596988,http://crowdcrafting.org/app/nightcitiesiss/task/591906,http://eol.jsc.nasa.gov/sseop/images/ESC/small/ISS030/ISS030-E-248898.JPG
7914,-99.1013498,19.2464696,http://crowdcrafting.org/app/nightcitiesiss/task/591907,http://eol.jsc.nasa.gov/sseop/images/ESC/small/ISS035/ISS035-E-7914.JPG
125302,104.869423,13.5066394,http://crowdcrafting.org/app/nightcitiesiss/task/591908,http://eol.jsc.nasa.gov/sseop/images/ESC/small/ISS031/ISS031-E-125302.JPG
33567,103.819836,1.352083,http://crowdcrafting.org/app/nightcitiesiss/task/591909,http://eol.jsc.nasa.gov/sseop/images/ESC/small/ISS036/ISS036-E-33567.JPG
271074,-103.3496092,20.6596988,http://crowdcrafting.org/app/nightcitiesiss/task/591910,http://eol.jsc.nasa.gov/sseop/images/ESC/small/ISS030/ISS030-E-271074.JPG
223843,-97.1374937,49.8997541,http://crowdcrafting.org/app/nightcitiesiss/task/591911,http://eol.jsc.nasa.gov/sseop/images/ESC/small/ISS030/ISS030-E-223843.JPG
34367,104.195397,35.86166,http://crowdcrafting.org/app/nightcitiesiss/task/591912,http://eol.jsc.nasa.gov/sseop/images/ESC/small/ISS034/ISS034-E-34367.JPG
205815,5.291266,52.132633,http://crowdcrafting.org/app/nightcitiesiss/task/591913,http://eol.jsc.nasa.gov/sseop/images/ESC/small/ISS030/ISS030-E-205815.JPG
271277,-106.4968055,31.7699559,http://crowdcrafting.org/app/nightcitiesiss/task/591914,http://eol.jsc.nasa.gov/sseop/images/ESC/small/ISS030/ISS030-E-271277.JPG
24232,-94.5785667,39.0997265,http://crowdcrafting.org/app/nightcitiesiss/task/591915,http://eol.jsc.nasa.gov/sseop/images/ESC/small/ISS036/ISS036-E-24232.JPG
11357,103.819836,1.352083,http://crowdcrafting.org/app/nightcitiesiss/task/591916,http://eol.jsc.nasa.gov/sseop/images/ESC/small/ISS035/ISS035-E-11357.JPG
23450,-102.552784,23.634501,http://crowdcrafting.org/app/nightcitiesiss/task/591917,http://eol.jsc.nasa.gov/sseop/images/ESC/small/ISS016/ISS016-E-23450.JPG
9642,102.495496,19.85627,http://crowdcrafting.org/app/nightcitiesiss/task/591918,http://eol.jsc.nasa.gov/sseop/images/ESC/small/ISS031/ISS031-E-9642.JPG
127320,100.557874,13.779505,http://crowdcrafting.org/app/nightcitiesiss/task/591919,http://eol.jsc.nasa.gov/sseop/images/ESC/small/ISS031/ISS031-E-127320.JPG
32451,-99.8825,16.8636111,http://crowdcrafting.org/app/nightcitiesiss/task/591920,http://eol.jsc.nasa.gov/sseop/images/ESC/small/ISS034/ISS034-E-32451.JPG
271090,-102.552784,23.634501,http://crowdcrafting.org/app/nightcitiesiss/task/591921,http://eol.jsc.nasa.gov/sseop/images/ESC/small/ISS030/ISS030-E-271090.JPG
34641,100.557874,13.779505,http://crowdcrafting.org/app/nightcitiesiss/task/591922,http://eol.jsc.nasa.gov/sseop/images/ESC/small/ISS026/ISS026-E-34641.JPG
32706,100.557874,13.779505,http://crowdcrafting.org/app/nightcitiesiss/task/591923,http://eol.jsc.nasa.gov/sseop/images/ESC/small/ISS036/ISS036-E-32706.JPG
32454,-102.552784,23.634501,http://crowdcrafting.org/app/nightcitiesiss/task/591924,http://eol.jsc.nasa.gov/sseop/images/ESC/small/ISS034/ISS034-E-32454.JPG
9622,-94.5785667,39.0997265,http://crowdcrafting.org/app/nightcitiesiss/task/591925,http://eol.jsc.nasa.gov/sseop/images/ESC/small/ISS035/ISS035-E-9622.JPG
22552,-99.1013498,19.2464696,http://crowdcrafting.org/app/nightcitiesiss/task/591926,http://eol.jsc.nasa.gov/sseop/images/ESC/small/ISS035/ISS035-E-22552.JPG
283149,-102.552784,23.634501,http://crowdcrafting.org/app/nightcitiesiss/task/591927,http://eol.jsc.nasa.gov/sseop/images/ESC/small/ISS030/ISS030-E-283149.JPG
49992,100.557874,13.779505,http://crowdcrafting.org/app/nightcitiesiss/task/591928,http://eol.jsc.nasa.gov/sseop/images/ESC/small/ISS034/ISS034-E-49992.JPG
10647,95.956223,21.913965,http://crowdcrafting.org/app/nightcitiesiss/task/591929,http://eol.jsc.nasa.gov/sseop/images/ESC/small/ISS031/ISS031-E-10647.JPG
271295,-102.552784,23.634501,http://crowdcrafting.org/app/nightcitiesiss/task/591930,http://eol.jsc.nasa.gov/sseop/images/ESC/small/ISS030/ISS030-E-271295.JPG
20367,113.921327,-0.789275,http://crowdcrafting.org/app/nightcitiesiss/task/591931,http://eol.jsc.nasa.gov/sseop/images/ESC/small/ISS036/ISS036-E-20367.JPG
205205,5.291266,52.132633,http://crowdcrafting.org/app/nightcitiesiss/task/591932,http://eol.jsc.nasa.gov/sseop/images/ESC/small/ISS030/ISS030-E-205205.JPG
83692,-106.609991,35.110703,http://crowdcrafting.org/app/nightcitiesiss/task/591933,http://eol.jsc.nasa.gov/sseop/images/ESC/small/ISS030/ISS030-E-83692.JPG
183832,-106.609991,35.110703,http://crowdcrafting.org/app/nightcitiesiss/task/591934,http://eol.jsc.nasa.gov/sseop/images/ESC/small/ISS030/ISS030-E-183832.JPG
286159,-99.8825,16.8636111,http://crowdcrafting.org/app/nightcitiesiss/task/591935,http://eol.jsc.nasa.gov/sseop/images/ESC/small/ISS030/ISS030-E-286159.JPG
38784,121.473701,31.230416,http://crowdcrafting.org/app/nightcitiesiss/task/591936,http://eol.jsc.nasa.gov/sseop/images/ESC/small/ISS034/ISS034-E-38784.JPG
8748,121.473701,31.230416,http://crowdcrafting.org/app/nightcitiesiss/task/591937,http://eol.jsc.nasa.gov/sseop/images/ESC/small/ISS033/ISS033-E-8748.JPG
276883,-102.552784,23.634501,http://crowdcrafting.org/app/nightcitiesiss/task/591938,http://eol.jsc.nasa.gov/sseop/images/ESC/small/ISS030/ISS030-E-276883.JPG
13824,-90.0715323,29.9510658,http://crowdcrafting.org/app/nightcitiesiss/task/591939,http://eol.jsc.nasa.gov/sseop/images/ESC/small/ISS027/ISS027-E-13824.JPG
270715,-91.9623327,30.9842977,http://crowdcrafting.org/app/nightcitiesiss/task/591940,http://eol.jsc.nasa.gov/sseop/images/ESC/small/ISS030/ISS030-E-270715.JPG
222896,-79.3831843,43.653226,http://crowdcrafting.org/app/nightcitiesiss/task/591941,http://eol.jsc.nasa.gov/sseop/images/ESC/small/ISS030/ISS030-E-222896.JPG
36441,66.923684,48.019573,http://crowdcrafting.org/app/nightcitiesiss/task/591942,http://eol.jsc.nasa.gov/sseop/images/ESC/small/ISS034/ISS034-E-36441.JPG
31375,-83.0457538,42.331427,http://crowdcrafting.org/app/nightcitiesiss/task/591943,http://eol.jsc.nasa.gov/sseop/images/ESC/small/ISS034/ISS034-E-31375.JPG
27333,78.96288,20.593684,http://crowdcrafting.org/app/nightcitiesiss/task/591944,http://eol.jsc.nasa.gov/sseop/images/ESC/small/ISS036/ISS036-E-27333.JPG
276892,-86.8515279,21.161908,http://crowdcrafting.org/app/nightcitiesiss/task/591945,http://eol.jsc.nasa.gov/sseop/images/ESC/small/ISS030/ISS030-E-276892.JPG
43323,-82.345189,23.0540698,http://crowdcrafting.org/app/nightcitiesiss/task/591946,http://eol.jsc.nasa.gov/sseop/images/ESC/small/ISS034/ISS034-E-43323.JPG
276898,-88.0333333,15.5,http://crowdcrafting.org/app/nightcitiesiss/task/591947,http://eol.jsc.nasa.gov/sseop/images/ESC/small/ISS030/ISS030-E-276898.JPG
291402,-71.0597732,42.3584308,http://crowdcrafting.org/app/nightcitiesiss/task/591948,http://eol.jsc.nasa.gov/sseop/images/ESC/small/ISS030/ISS030-E-291402.JPG
283430,66.923684,48.019573,http://crowdcrafting.org/app/nightcitiesiss/task/591949,http://eol.jsc.nasa.gov/sseop/images/ESC/small/ISS030/ISS030-E-283430.JPG
22473,80.771797,7.873054,http://crowdcrafting.org/app/nightcitiesiss/task/591950,http://eol.jsc.nasa.gov/sseop/images/ESC/small/ISS033/ISS033-E-22473.JPG
44592,-77.781167,21.521757,http://crowdcrafting.org/app/nightcitiesiss/task/591951,http://eol.jsc.nasa.gov/sseop/images/ESC/small/ISS034/ISS034-E-44592.JPG
33356,-87.6297982,41.8781136,http://crowdcrafting.org/app/nightcitiesiss/task/591952,http://eol.jsc.nasa.gov/sseop/images/ESC/small/ISS034/ISS034-E-33356.JPG
44229,66.923684,48.019573,http://crowdcrafting.org/app/nightcitiesiss/task/591953,http://eol.jsc.nasa.gov/sseop/images/ESC/small/ISS034/ISS034-E-44229.JPG
16777,66.923684,48.019573,http://crowdcrafting.org/app/nightcitiesiss/task/591954,http://eol.jsc.nasa.gov/sseop/images/ESC/small/ISS035/ISS035-E-16777.JPG
49523,-80.2040435,25.7890972,http://crowdcrafting.org/app/nightcitiesiss/task/591955,http://eol.jsc.nasa.gov/sseop/images/ESC/small/ISS031/ISS031-E-49523.JPG
18439,-5.6878736,35.9982398,http://crowdcrafting.org/app/nightcitiesiss/task/591956,http://eol.jsc.nasa.gov/sseop/images/ESC/small/ISS037/ISS037-E-18439.JPG
49528,-77.781167,21.521757,http://crowdcrafting.org/app/nightcitiesiss/task/591957,http://eol.jsc.nasa.gov/sseop/images/ESC/small/ISS031/ISS031-E-49528.JPG
6008,-95.712891,37.09024,http://crowdcrafting.org/app/nightcitiesiss/task/591958,http://eol.jsc.nasa.gov/sseop/images/ESC/small/ISS034/ISS034-E-6008.JPG
35726,-102.552784,23.634501,http://crowdcrafting.org/app/nightcitiesiss/task/591959,http://eol.jsc.nasa.gov/sseop/images/ESC/small/ISS026/ISS026-E-35726.JPG
44595,-77.781167,21.521757,http://crowdcrafting.org/app/nightcitiesiss/task/591960,http://eol.jsc.nasa.gov/sseop/images/ESC/small/ISS034/ISS034-E-44595.JPG
21007,36.5833333,28.3833333,http://crowdcrafting.org/app/nightcitiesiss/task/591961,http://eol.jsc.nasa.gov/sseop/images/ESC/small/ISS027/ISS027-E-21007.JPG
21010,36.5833333,28.3833333,http://crowdcrafting.org/app/nightcitiesiss/task/591962,http://eol.jsc.nasa.gov/sseop/images/ESC/small/ISS027/ISS027-E-21010.JPG
37205,80.2508246,13.0524139,http://crowdcrafting.org/app/nightcitiesiss/task/591963,http://eol.jsc.nasa.gov/sseop/images/ESC/small/ISS034/ISS034-E-37205.JPG
37203,80.2508246,13.0524139,http://crowdcrafting.org/app/nightcitiesiss/task/591964,http://eol.jsc.nasa.gov/sseop/images/ESC/small/ISS034/ISS034-E-37203.JPG
44836,-77.39628,25.03428,http://crowdcrafting.org/app/nightcitiesiss/task/591965,http://eol.jsc.nasa.gov/sseop/images/ESC/small/ISS031/ISS031-E-44836.JPG
234039,78.96288,20.593684,http://crowdcrafting.org/app/nightcitiesiss/task/591966,http://eol.jsc.nasa.gov/sseop/images/ESC/small/ISS030/ISS030-E-234039.JPG
270596,-74.0059413,40.7127837,http://crowdcrafting.org/app/nightcitiesiss/task/591967,http://eol.jsc.nasa.gov/sseop/images/ESC/small/ISS030/ISS030-E-270596.JPG
237517,78.96288,20.593684,http://crowdcrafting.org/app/nightcitiesiss/task/591968,http://eol.jsc.nasa.gov/sseop/images/ESC/small/ISS030/ISS030-E-237517.JPG
44363,78.486671,17.385044,http://crowdcrafting.org/app/nightcitiesiss/task/591969,http://eol.jsc.nasa.gov/sseop/images/ESC/small/ISS034/ISS034-E-44363.JPG
217758,78.96288,20.593684,http://crowdcrafting.org/app/nightcitiesiss/task/591970,http://eol.jsc.nasa.gov/sseop/images/ESC/small/ISS030/ISS030-E-217758.JPG
83318,-79.0347222,35.0333333,http://crowdcrafting.org/app/nightcitiesiss/task/591971,http://eol.jsc.nasa.gov/sseop/images/ESC/small/ISS030/ISS030-E-83318.JPG
234028,78.96288,20.593684,http://crowdcrafting.org/app/nightcitiesiss/task/591972,http://eol.jsc.nasa.gov/sseop/images/ESC/small/ISS030/ISS030-E-234028.JPG
244589,78.96288,20.593684,http://crowdcrafting.org/app/nightcitiesiss/task/591973,http://eol.jsc.nasa.gov/sseop/images/ESC/small/ISS030/ISS030-E-244589.JPG
276916,-80.782127,8.537981,http://crowdcrafting.org/app/nightcitiesiss/task/591974,http://eol.jsc.nasa.gov/sseop/images/ESC/small/ISS030/ISS030-E-276916.JPG
44584,-76.2858726,36.8507689,http://crowdcrafting.org/app/nightcitiesiss/task/591975,http://eol.jsc.nasa.gov/sseop/images/ESC/small/ISS034/ISS034-E-44584.JPG
13637,78.96288,20.593684,http://crowdcrafting.org/app/nightcitiesiss/task/591976,http://eol.jsc.nasa.gov/sseop/images/ESC/small/ISS031/ISS031-E-13637.JPG
217544,71.276093,38.861034,http://crowdcrafting.org/app/nightcitiesiss/task/591977,http://eol.jsc.nasa.gov/sseop/images/ESC/small/ISS030/ISS030-E-217544.JPG
264284,-63.616672,-38.416097,http://crowdcrafting.org/app/nightcitiesiss/task/591978,http://eol.jsc.nasa.gov/sseop/images/ESC/small/ISS030/ISS030-E-264284.JPG
286160,-77.0427934,-12.046374,http://crowdcrafting.org/app/nightcitiesiss/task/591979,http://eol.jsc.nasa.gov/sseop/images/ESC/small/ISS030/ISS030-E-286160.JPG
37194,78.96288,20.593684,http://crowdcrafting.org/app/nightcitiesiss/task/591980,http://eol.jsc.nasa.gov/sseop/images/ESC/small/ISS034/ISS034-E-37194.JPG
232153,-87.6297982,41.8781136,http://crowdcrafting.org/app/nightcitiesiss/task/591981,http://eol.jsc.nasa.gov/sseop/images/ESC/small/ISS030/ISS030-E-232153.JPG
286170,-75.8007093,-13.9379378,http://crowdcrafting.org/app/nightcitiesiss/task/591982,http://eol.jsc.nasa.gov/sseop/images/ESC/small/ISS030/ISS030-E-286170.JPG
52952,78.96288,20.593684,http://crowdcrafting.org/app/nightcitiesiss/task/591983,http://eol.jsc.nasa.gov/sseop/images/ESC/small/ISS034/ISS034-E-52952.JPG
26543,66.923684,48.019573,http://crowdcrafting.org/app/nightcitiesiss/task/591984,http://eol.jsc.nasa.gov/sseop/images/ESC/small/ISS026/ISS026-E-26543.JPG
238183,-70.641997,-33.4691199,http://crowdcrafting.org/app/nightcitiesiss/task/591985,http://eol.jsc.nasa.gov/sseop/images/ESC/small/ISS030/ISS030-E-238183.JPG
209043,66.923684,48.019573,http://crowdcrafting.org/app/nightcitiesiss/task/591986,http://eol.jsc.nasa.gov/sseop/images/ESC/small/ISS030/ISS030-E-209043.JPG
276926,-74.297333,4.570868,http://crowdcrafting.org/app/nightcitiesiss/task/591987,http://eol.jsc.nasa.gov/sseop/images/ESC/small/ISS030/ISS030-E-276926.JPG
28237,72.8776559,19.0759837,http://crowdcrafting.org/app/nightcitiesiss/task/591988,http://eol.jsc.nasa.gov/sseop/images/ESC/small/ISS026/ISS026-E-28237.JPG
226236,-73.5491361,52.9399159,http://crowdcrafting.org/app/nightcitiesiss/task/591989,http://eol.jsc.nasa.gov/sseop/images/ESC/small/ISS030/ISS030-E-226236.JPG
44609,-71.6333333,10.65,http://crowdcrafting.org/app/nightcitiesiss/task/591990,http://eol.jsc.nasa.gov/sseop/images/ESC/small/ISS034/ISS034-E-44609.JPG
32492,-52.7128315,47.5605413,http://crowdcrafting.org/app/nightcitiesiss/task/591991,http://eol.jsc.nasa.gov/sseop/images/ESC/small/ISS034/ISS034-E-32492.JPG
21592,72.8776559,19.0759837,http://crowdcrafting.org/app/nightcitiesiss/task/591992,http://eol.jsc.nasa.gov/sseop/images/ESC/small/ISS035/ISS035-E-21592.JPG
35862,-58.3815931,-34.6037232,http://crowdcrafting.org/app/nightcitiesiss/task/591993,http://eol.jsc.nasa.gov/sseop/images/ESC/small/ISS031/ISS031-E-35862.JPG
223031,-66.58973,6.42375,http://crowdcrafting.org/app/nightcitiesiss/task/591994,http://eol.jsc.nasa.gov/sseop/images/ESC/small/ISS030/ISS030-E-223031.JPG
30639,-43.1970258,-22.9083081,http://crowdcrafting.org/app/nightcitiesiss/task/591995,http://eol.jsc.nasa.gov/sseop/images/ESC/small/ISS027/ISS027-E-30639.JPG
211271,31.16558,48.379433,http://crowdcrafting.org/app/nightcitiesiss/task/591996,http://eol.jsc.nasa.gov/sseop/images/ESC/small/ISS030/ISS030-E-211271.JPG
271371,-55.765835,-32.522779,http://crowdcrafting.org/app/nightcitiesiss/task/591997,http://eol.jsc.nasa.gov/sseop/images/ESC/small/ISS030/ISS030-E-271371.JPG
208997,23.7293599,37.983917,http://crowdcrafting.org/app/nightcitiesiss/task/591998,http://eol.jsc.nasa.gov/sseop/images/ESC/small/ISS030/ISS030-E-208997.JPG
217467,8.6821267,50.1109221,http://crowdcrafting.org/app/nightcitiesiss/task/591999,http://eol.jsc.nasa.gov/sseop/images/ESC/small/ISS030/ISS030-E-217467.JPG
217571,-0.1277583,51.5073509,http://crowdcrafting.org/app/nightcitiesiss/task/592000,http://eol.jsc.nasa.gov/sseop/images/ESC/small/ISS030/ISS030-E-217571.JPG
248923,-0.1277583,51.5073509,http://crowdcrafting.org/app/nightcitiesiss/task/592001,http://eol.jsc.nasa.gov/sseop/images/ESC/small/ISS030/ISS030-E-248923.JPG
15101,11.5819806,48.1351253,http://crowdcrafting.org/app/nightcitiesiss/task/592002,http://eol.jsc.nasa.gov/sseop/images/ESC/small/ISS032/ISS032-E-15101.JPG
17189,4.469936,50.503887,http://crowdcrafting.org/app/nightcitiesiss/task/592003,http://eol.jsc.nasa.gov/sseop/images/ESC/small/ISS035/ISS035-E-17189.JPG
274859,25.48583,42.733883,http://crowdcrafting.org/app/nightcitiesiss/task/592004,http://eol.jsc.nasa.gov/sseop/images/ESC/small/ISS030/ISS030-E-274859.JPG
211432,-6.2603097,53.3498053,http://crowdcrafting.org/app/nightcitiesiss/task/592005,http://eol.jsc.nasa.gov/sseop/images/ESC/small/ISS030/ISS030-E-211432.JPG
208919,-3.435973,55.378051,http://crowdcrafting.org/app/nightcitiesiss/task/592006,http://eol.jsc.nasa.gov/sseop/images/ESC/small/ISS030/ISS030-E-208919.JPG
224442,-0.1277583,51.5073509,http://crowdcrafting.org/app/nightcitiesiss/task/592007,http://eol.jsc.nasa.gov/sseop/images/ESC/small/ISS030/ISS030-E-224442.JPG
6288,-0.1277583,51.5073509,http://crowdcrafting.org/app/nightcitiesiss/task/592008,http://eol.jsc.nasa.gov/sseop/images/ESC/small/ISS034/ISS034-E-6288.JPG
48086,12.0991466,54.0924406,http://crowdcrafting.org/app/nightcitiesiss/task/592009,http://eol.jsc.nasa.gov/sseop/images/ESC/small/ISS034/ISS034-E-48086.JPG
15552,15.472962,49.817492,http://crowdcrafting.org/app/nightcitiesiss/task/592010,http://eol.jsc.nasa.gov/sseop/images/ESC/small/ISS032/ISS032-E-15552.JPG
275031,19.503304,47.162494,http://crowdcrafting.org/app/nightcitiesiss/task/592011,http://eol.jsc.nasa.gov/sseop/images/ESC/small/ISS030/ISS030-E-275031.JPG
17308,-0.1277583,51.5073509,http://crowdcrafting.org/app/nightcitiesiss/task/592012,http://eol.jsc.nasa.gov/sseop/images/ESC/small/ISS035/ISS035-E-17308.JPG
28558,19.503304,47.162494,http://crowdcrafting.org/app/nightcitiesiss/task/592013,http://eol.jsc.nasa.gov/sseop/images/ESC/small/ISS036/ISS036-E-28558.JPG
274979,16.3738189,48.2081743,http://crowdcrafting.org/app/nightcitiesiss/task/592014,http://eol.jsc.nasa.gov/sseop/images/ESC/small/ISS030/ISS030-E-274979.JPG
247196,-3.435973,55.378051,http://crowdcrafting.org/app/nightcitiesiss/task/592015,http://eol.jsc.nasa.gov/sseop/images/ESC/small/ISS030/ISS030-E-247196.JPG
17340,5.291266,52.132633,http://crowdcrafting.org/app/nightcitiesiss/task/592016,http://eol.jsc.nasa.gov/sseop/images/ESC/small/ISS035/ISS035-E-17340.JPG
209308,4.469936,50.503887,http://crowdcrafting.org/app/nightcitiesiss/task/592017,http://eol.jsc.nasa.gov/sseop/images/ESC/small/ISS030/ISS030-E-209308.JPG
211378,-0.1277583,51.5073509,http://crowdcrafting.org/app/nightcitiesiss/task/592018,http://eol.jsc.nasa.gov/sseop/images/ESC/small/ISS030/ISS030-E-211378.JPG
211477,16.3738189,48.2081743,http://crowdcrafting.org/app/nightcitiesiss/task/592019,http://eol.jsc.nasa.gov/sseop/images/ESC/small/ISS030/ISS030-E-211477.JPG
211441,-0.1277583,51.5073509,http://crowdcrafting.org/app/nightcitiesiss/task/592020,http://eol.jsc.nasa.gov/sseop/images/ESC/small/ISS030/ISS030-E-211441.JPG
292911,14.550072,47.516231,http://crowdcrafting.org/app/nightcitiesiss/task/592021,http://eol.jsc.nasa.gov/sseop/images/ESC/small/ISS030/ISS030-E-292911.JPG
236413,4.469936,50.503887,http://crowdcrafting.org/app/nightcitiesiss/task/592022,http://eol.jsc.nasa.gov/sseop/images/ESC/small/ISS030/ISS030-E-236413.JPG
250115,8.6821267,50.1109221,http://crowdcrafting.org/app/nightcitiesiss/task/592023,http://eol.jsc.nasa.gov/sseop/images/ESC/small/ISS030/ISS030-E-250115.JPG
208848,4.469936,50.503887,http://crowdcrafting.org/app/nightcitiesiss/task/592024,http://eol.jsc.nasa.gov/sseop/images/ESC/small/ISS030/ISS030-E-208848.JPG
250093,5.4697225,51.441642,http://crowdcrafting.org/app/nightcitiesiss/task/592025,http://eol.jsc.nasa.gov/sseop/images/ESC/small/ISS030/ISS030-E-250093.JPG
250119,8.6821267,50.1109221,http://crowdcrafting.org/app/nightcitiesiss/task/592026,http://eol.jsc.nasa.gov/sseop/images/ESC/small/ISS030/ISS030-E-250119.JPG
224399,8.6821267,50.1109221,http://crowdcrafting.org/app/nightcitiesiss/task/592027,http://eol.jsc.nasa.gov/sseop/images/ESC/small/ISS030/ISS030-E-224399.JPG
223733,14.550072,47.516231,http://crowdcrafting.org/app/nightcitiesiss/task/592028,http://eol.jsc.nasa.gov/sseop/images/ESC/small/ISS030/ISS030-E-223733.JPG
39369,21.005859,44.016521,http://crowdcrafting.org/app/nightcitiesiss/task/592029,http://eol.jsc.nasa.gov/sseop/images/ESC/small/ISS034/ISS034-E-39369.JPG
255429,21.824312,39.074208,http://crowdcrafting.org/app/nightcitiesiss/task/592030,http://eol.jsc.nasa.gov/sseop/images/ESC/small/ISS030/ISS030-E-255429.JPG
21037,48.516388,15.552727,http://crowdcrafting.org/app/nightcitiesiss/task/592031,http://eol.jsc.nasa.gov/sseop/images/ESC/small/ISS027/ISS027-E-21037.JPG
255258,14.550072,47.516231,http://crowdcrafting.org/app/nightcitiesiss/task/592032,http://eol.jsc.nasa.gov/sseop/images/ESC/small/ISS030/ISS030-E-255258.JPG
167985,-80.782127,8.537981,http://crowdcrafting.org/app/nightcitiesiss/task/592033,http://eol.jsc.nasa.gov/sseop/images/ESC/small/ISS030/ISS030-E-167985.JPG
217789,21.005859,44.016521,http://crowdcrafting.org/app/nightcitiesiss/task/592034,http://eol.jsc.nasa.gov/sseop/images/ESC/small/ISS030/ISS030-E-217789.JPG
255358,21.005859,44.016521,http://crowdcrafting.org/app/nightcitiesiss/task/592035,http://eol.jsc.nasa.gov/sseop/images/ESC/small/ISS030/ISS030-E-255358.JPG
217785,17.679076,43.915886,http://crowdcrafting.org/app/nightcitiesiss/task/592036,http://eol.jsc.nasa.gov/sseop/images/ESC/small/ISS030/ISS030-E-217785.JPG
123001,42.2362435,29.7248676,http://crowdcrafting.org/app/nightcitiesiss/task/592037,http://eol.jsc.nasa.gov/sseop/images/ESC/small/ISS031/ISS031-E-123001.JPG
274931,21.005859,44.016521,http://crowdcrafting.org/app/nightcitiesiss/task/592038,http://eol.jsc.nasa.gov/sseop/images/ESC/small/ISS030/ISS030-E-274931.JPG
273432,5.291266,52.132633,http://crowdcrafting.org/app/nightcitiesiss/task/592039,http://eol.jsc.nasa.gov/sseop/images/ESC/small/ISS030/ISS030-E-273432.JPG
9201,42.2362435,29.7248676,http://crowdcrafting.org/app/nightcitiesiss/task/592040,http://eol.jsc.nasa.gov/sseop/images/ESC/small/ISS031/ISS031-E-9201.JPG
9198,42.2362435,29.7248676,http://crowdcrafting.org/app/nightcitiesiss/task/592041,http://eol.jsc.nasa.gov/sseop/images/ESC/small/ISS031/ISS031-E-9198.JPG
9198,42.2362435,29.7248676,http://crowdcrafting.org/app/nightcitiesiss/task/592042,http://eol.jsc.nasa.gov/sseop/images/ESC/small/ISS031/ISS031-E-9198.JPG
274682,42.2362435,29.7248676,http://crowdcrafting.org/app/nightcitiesiss/task/592043,http://eol.jsc.nasa.gov/sseop/images/ESC/small/ISS030/ISS030-E-274682.JPG
167963,-80.782127,8.537981,http://crowdcrafting.org/app/nightcitiesiss/task/592044,http://eol.jsc.nasa.gov/sseop/images/ESC/small/ISS030/ISS030-E-167963.JPG
204839,-8.24389,53.41291,http://crowdcrafting.org/app/nightcitiesiss/task/592045,http://eol.jsc.nasa.gov/sseop/images/ESC/small/ISS030/ISS030-E-204839.JPG
275007,27.12872,38.41885,http://crowdcrafting.org/app/nightcitiesiss/task/592046,http://eol.jsc.nasa.gov/sseop/images/ESC/small/ISS030/ISS030-E-275007.JPG
223727,12.56738,41.87194,http://crowdcrafting.org/app/nightcitiesiss/task/592047,http://eol.jsc.nasa.gov/sseop/images/ESC/small/ISS030/ISS030-E-223727.JPG
18651,28.97696,41.00527,http://crowdcrafting.org/app/nightcitiesiss/task/592048,http://eol.jsc.nasa.gov/sseop/images/ESC/small/ISS037/ISS037-E-18651.JPG
51173,42.2362435,29.7248676,http://crowdcrafting.org/app/nightcitiesiss/task/592049,http://eol.jsc.nasa.gov/sseop/images/ESC/small/ISS034/ISS034-E-51173.JPG
30659,-43.1970773,-22.9082998,http://crowdcrafting.org/app/nightcitiesiss/task/592050,http://eol.jsc.nasa.gov/sseop/images/ESC/small/ISS027/ISS027-E-30659.JPG
28691,12.56738,41.87194,http://crowdcrafting.org/app/nightcitiesiss/task/592051,http://eol.jsc.nasa.gov/sseop/images/ESC/small/ISS036/ISS036-E-28691.JPG
237321,42.2362435,29.7248676,http://crowdcrafting.org/app/nightcitiesiss/task/592052,http://eol.jsc.nasa.gov/sseop/images/ESC/small/ISS030/ISS030-E-237321.JPG
9190,42.2362435,29.7248676,http://crowdcrafting.org/app/nightcitiesiss/task/592053,http://eol.jsc.nasa.gov/sseop/images/ESC/small/ISS031/ISS031-E-9190.JPG
9190,42.2362435,29.7248676,http://crowdcrafting.org/app/nightcitiesiss/task/592054,http://eol.jsc.nasa.gov/sseop/images/ESC/small/ISS031/ISS031-E-9190.JPG
292904,9.1859243,45.4654219,http://crowdcrafting.org/app/nightcitiesiss/task/592055,http://eol.jsc.nasa.gov/sseop/images/ESC/small/ISS030/ISS030-E-292904.JPG
258875,12.2035294,44.4183598,http://crowdcrafting.org/app/nightcitiesiss/task/592056,http://eol.jsc.nasa.gov/sseop/images/ESC/small/ISS030/ISS030-E-258875.JPG
274851,21.745275,41.608635,http://crowdcrafting.org/app/nightcitiesiss/task/592057,http://eol.jsc.nasa.gov/sseop/images/ESC/small/ISS030/ISS030-E-274851.JPG
51160,42.2362435,29.7248676,http://crowdcrafting.org/app/nightcitiesiss/task/592058,http://eol.jsc.nasa.gov/sseop/images/ESC/small/ISS034/ISS034-E-51160.JPG
258864,8.227512,46.818188,http://crowdcrafting.org/app/nightcitiesiss/task/592059,http://eol.jsc.nasa.gov/sseop/images/ESC/small/ISS030/ISS030-E-258864.JPG
274676,42.2362435,29.7248676,http://crowdcrafting.org/app/nightcitiesiss/task/592060,http://eol.jsc.nasa.gov/sseop/images/ESC/small/ISS030/ISS030-E-274676.JPG
274898,12.2035294,44.4183598,http://crowdcrafting.org/app/nightcitiesiss/task/592061,http://eol.jsc.nasa.gov/sseop/images/ESC/small/ISS030/ISS030-E-274898.JPG
274882,7.6868565,45.070312,http://crowdcrafting.org/app/nightcitiesiss/task/592062,http://eol.jsc.nasa.gov/sseop/images/ESC/small/ISS030/ISS030-E-274882.JPG
274882,12.56738,41.87194,http://crowdcrafting.org/app/nightcitiesiss/task/592063,http://eol.jsc.nasa.gov/sseop/images/ESC/small/ISS030/ISS030-E-274882.JPG
20254,42.2362435,29.7248676,http://crowdcrafting.org/app/nightcitiesiss/task/592064,http://eol.jsc.nasa.gov/sseop/images/ESC/small/ISS027/ISS027-E-20254.JPG
223725,7.017369,43.552847,http://crowdcrafting.org/app/nightcitiesiss/task/592065,http://eol.jsc.nasa.gov/sseop/images/ESC/small/ISS030/ISS030-E-223725.JPG
237298,7.6868565,45.070312,http://crowdcrafting.org/app/nightcitiesiss/task/592066,http://eol.jsc.nasa.gov/sseop/images/ESC/small/ISS030/ISS030-E-237298.JPG
48554,20.168331,41.153332,http://crowdcrafting.org/app/nightcitiesiss/task/592067,http://eol.jsc.nasa.gov/sseop/images/ESC/small/ISS034/ISS034-E-48554.JPG
237310,42.2362435,29.7248676,http://crowdcrafting.org/app/nightcitiesiss/task/592068,http://eol.jsc.nasa.gov/sseop/images/ESC/small/ISS030/ISS030-E-237310.JPG
13778,21.824312,39.074208,http://crowdcrafting.org/app/nightcitiesiss/task/592069,http://eol.jsc.nasa.gov/sseop/images/ESC/small/ISS026/ISS026-E-13778.JPG
126740,42.2362435,29.7248676,http://crowdcrafting.org/app/nightcitiesiss/task/592070,http://eol.jsc.nasa.gov/sseop/images/ESC/small/ISS031/ISS031-E-126740.JPG
208788,21.824312,39.074208,http://crowdcrafting.org/app/nightcitiesiss/task/592071,http://eol.jsc.nasa.gov/sseop/images/ESC/small/ISS030/ISS030-E-208788.JPG
224468,42.2362435,29.7248676,http://crowdcrafting.org/app/nightcitiesiss/task/592072,http://eol.jsc.nasa.gov/sseop/images/ESC/small/ISS030/ISS030-E-224468.JPG
209074,15.2,45.1,http://crowdcrafting.org/app/nightcitiesiss/task/592073,http://eol.jsc.nasa.gov/sseop/images/ESC/small/ISS030/ISS030-E-209074.JPG
35987,9.1859243,45.4654219,http://crowdcrafting.org/app/nightcitiesiss/task/592074,http://eol.jsc.nasa.gov/sseop/images/ESC/small/ISS026/ISS026-E-35987.JPG
237301,9.1859243,45.4654219,http://crowdcrafting.org/app/nightcitiesiss/task/592075,http://eol.jsc.nasa.gov/sseop/images/ESC/small/ISS030/ISS030-E-237301.JPG
50941,2.3522219,48.856614,http://crowdcrafting.org/app/nightcitiesiss/task/592076,http://eol.jsc.nasa.gov/sseop/images/ESC/small/ISS034/ISS034-E-50941.JPG
39362,16.8718715,41.1171432,http://crowdcrafting.org/app/nightcitiesiss/task/592077,http://eol.jsc.nasa.gov/sseop/images/ESC/small/ISS034/ISS034-E-39362.JPG
8551,34.851612,31.046051,http://crowdcrafting.org/app/nightcitiesiss/task/592078,http://eol.jsc.nasa.gov/sseop/images/ESC/small/ISS036/ISS036-E-8551.JPG
35231,21.824312,39.074208,http://crowdcrafting.org/app/nightcitiesiss/task/592079,http://eol.jsc.nasa.gov/sseop/images/ESC/small/ISS034/ISS034-E-35231.JPG
35231,21.824312,39.074208,http://crowdcrafting.org/app/nightcitiesiss/task/592080,http://eol.jsc.nasa.gov/sseop/images/ESC/small/ISS034/ISS034-E-35231.JPG
51139,42.2362435,29.7248676,http://crowdcrafting.org/app/nightcitiesiss/task/592081,http://eol.jsc.nasa.gov/sseop/images/ESC/small/ISS034/ISS034-E-51139.JPG
16923,21.824312,39.074208,http://crowdcrafting.org/app/nightcitiesiss/task/592082,http://eol.jsc.nasa.gov/sseop/images/ESC/small/ISS035/ISS035-E-16923.JPG
286709,12.56738,41.87194,http://crowdcrafting.org/app/nightcitiesiss/task/592083,http://eol.jsc.nasa.gov/sseop/images/ESC/small/ISS030/ISS030-E-286709.JPG
20250,42.2362435,29.7248676,http://crowdcrafting.org/app/nightcitiesiss/task/592084,http://eol.jsc.nasa.gov/sseop/images/ESC/small/ISS033/ISS033-E-20250.JPG
5847,116.407526,39.90403,http://crowdcrafting.org/app/nightcitiesiss/task/592085,http://eol.jsc.nasa.gov/sseop/images/ESC/small/ISS034/ISS034-E-5847.JPG
77269,-80.782127,8.537981,http://crowdcrafting.org/app/nightcitiesiss/task/592086,http://eol.jsc.nasa.gov/sseop/images/ESC/small/ISS030/ISS030-E-77269.JPG
28592,16.6342882,39.5763309,http://crowdcrafting.org/app/nightcitiesiss/task/592087,http://eol.jsc.nasa.gov/sseop/images/ESC/small/ISS036/ISS036-E-28592.JPG
44618,116.407526,39.90403,http://crowdcrafting.org/app/nightcitiesiss/task/592088,http://eol.jsc.nasa.gov/sseop/images/ESC/small/ISS034/ISS034-E-44618.JPG
69945,42.2362435,29.7248676,http://crowdcrafting.org/app/nightcitiesiss/task/592089,http://eol.jsc.nasa.gov/sseop/images/ESC/small/ISS031/ISS031-E-69945.JPG
126722,30.802498,26.820553,http://crowdcrafting.org/app/nightcitiesiss/task/592090,http://eol.jsc.nasa.gov/sseop/images/ESC/small/ISS031/ISS031-E-126722.JPG
283165,12.4801802,41.8723889,http://crowdcrafting.org/app/nightcitiesiss/task/592091,http://eol.jsc.nasa.gov/sseop/images/ESC/small/ISS030/ISS030-E-283165.JPG
20996,42.2362435,29.7248676,http://crowdcrafting.org/app/nightcitiesiss/task/592092,http://eol.jsc.nasa.gov/sseop/images/ESC/small/ISS027/ISS027-E-20996.JPG
20997,42.2362435,29.7248676,http://crowdcrafting.org/app/nightcitiesiss/task/592093,http://eol.jsc.nasa.gov/sseop/images/ESC/small/ISS027/ISS027-E-20997.JPG
283164,12.56738,41.87194,http://crowdcrafting.org/app/nightcitiesiss/task/592094,http://eol.jsc.nasa.gov/sseop/images/ESC/small/ISS030/ISS030-E-283164.JPG
51110,42.2362435,29.7248676,http://crowdcrafting.org/app/nightcitiesiss/task/592095,http://eol.jsc.nasa.gov/sseop/images/ESC/small/ISS034/ISS034-E-51110.JPG
24760,14.2160898,42.4617902,http://crowdcrafting.org/app/nightcitiesiss/task/592096,http://eol.jsc.nasa.gov/sseop/images/ESC/small/ISS026/ISS026-E-24760.JPG
24759,16.1767489,41.8824764,http://crowdcrafting.org/app/nightcitiesiss/task/592097,http://eol.jsc.nasa.gov/sseop/images/ESC/small/ISS026/ISS026-E-24759.JPG
51005,14.2681244,40.8517746,http://crowdcrafting.org/app/nightcitiesiss/task/592098,http://eol.jsc.nasa.gov/sseop/images/ESC/small/ISS034/ISS034-E-51005.JPG
126710,21.824312,39.074208,http://crowdcrafting.org/app/nightcitiesiss/task/592099,http://eol.jsc.nasa.gov/sseop/images/ESC/small/ISS031/ISS031-E-126710.JPG
286621,9.1859243,45.4654219,http://crowdcrafting.org/app/nightcitiesiss/task/592100,http://eol.jsc.nasa.gov/sseop/images/ESC/small/ISS030/ISS030-E-286621.JPG
291430,30.802498,26.820553,http://crowdcrafting.org/app/nightcitiesiss/task/592101,http://eol.jsc.nasa.gov/sseop/images/ESC/small/ISS030/ISS030-E-291430.JPG
209165,14.2681244,40.8517746,http://crowdcrafting.org/app/nightcitiesiss/task/592102,http://eol.jsc.nasa.gov/sseop/images/ESC/small/ISS030/ISS030-E-209165.JPG
51051,21.824312,39.074208,http://crowdcrafting.org/app/nightcitiesiss/task/592103,http://eol.jsc.nasa.gov/sseop/images/ESC/small/ISS034/ISS034-E-51051.JPG
20950,21.824312,39.074208,http://crowdcrafting.org/app/nightcitiesiss/task/592104,http://eol.jsc.nasa.gov/sseop/images/ESC/small/ISS027/ISS027-E-20950.JPG
20959,21.824312,39.074208,http://crowdcrafting.org/app/nightcitiesiss/task/592105,http://eol.jsc.nasa.gov/sseop/images/ESC/small/ISS027/ISS027-E-20959.JPG
20967,21.824312,39.074208,http://crowdcrafting.org/app/nightcitiesiss/task/592106,http://eol.jsc.nasa.gov/sseop/images/ESC/small/ISS027/ISS027-E-20967.JPG
12646,2.1734035,41.3850639,http://crowdcrafting.org/app/nightcitiesiss/task/592107,http://eol.jsc.nasa.gov/sseop/images/ESC/small/ISS032/ISS032-E-12646.JPG
188198,-3.7037902,40.4167754,http://crowdcrafting.org/app/nightcitiesiss/task/592108,http://eol.jsc.nasa.gov/sseop/images/ESC/small/ISS030/ISS030-E-188198.JPG
19648,39.782334,15.179384,http://crowdcrafting.org/app/nightcitiesiss/task/592109,http://eol.jsc.nasa.gov/sseop/images/ESC/small/ISS033/ISS033-E-19648.JPG
39006,12.56738,41.87194,http://crowdcrafting.org/app/nightcitiesiss/task/592110,http://eol.jsc.nasa.gov/sseop/images/ESC/small/ISS034/ISS034-E-39006.JPG
188196,-3.7037902,40.4167754,http://crowdcrafting.org/app/nightcitiesiss/task/592111,http://eol.jsc.nasa.gov/sseop/images/ESC/small/ISS030/ISS030-E-188196.JPG
44556,30.802498,26.820553,http://crowdcrafting.org/app/nightcitiesiss/task/592112,http://eol.jsc.nasa.gov/sseop/images/ESC/small/ISS034/ISS034-E-44556.JPG
96814,30.802498,26.820553,http://crowdcrafting.org/app/nightcitiesiss/task/592113,http://eol.jsc.nasa.gov/sseop/images/ESC/small/ISS031/ISS031-E-96814.JPG
41189,30.802498,26.820553,http://crowdcrafting.org/app/nightcitiesiss/task/592114,http://eol.jsc.nasa.gov/sseop/images/ESC/small/ISS034/ISS034-E-41189.JPG
39315,-5.6635397,40.9701039,http://crowdcrafting.org/app/nightcitiesiss/task/592115,http://eol.jsc.nasa.gov/sseop/images/ESC/small/ISS034/ISS034-E-39315.JPG
99537,12.56738,41.87194,http://crowdcrafting.org/app/nightcitiesiss/task/592116,http://eol.jsc.nasa.gov/sseop/images/ESC/small/ISS031/ISS031-E-99537.JPG
209056,2.6536742,39.5751584,http://crowdcrafting.org/app/nightcitiesiss/task/592117,http://eol.jsc.nasa.gov/sseop/images/ESC/small/ISS030/ISS030-E-209056.JPG
50263,30.802498,26.820553,http://crowdcrafting.org/app/nightcitiesiss/task/592118,http://eol.jsc.nasa.gov/sseop/images/ESC/small/ISS034/ISS034-E-50263.JPG
203945,-3.7037902,40.4167754,http://crowdcrafting.org/app/nightcitiesiss/task/592119,http://eol.jsc.nasa.gov/sseop/images/ESC/small/ISS030/ISS030-E-203945.JPG
286671,-3.7037902,40.4167754,http://crowdcrafting.org/app/nightcitiesiss/task/592120,http://eol.jsc.nasa.gov/sseop/images/ESC/small/ISS030/ISS030-E-286671.JPG
279263,-8.1338558,42.5750554,http://crowdcrafting.org/app/nightcitiesiss/task/592121,http://eol.jsc.nasa.gov/sseop/images/ESC/small/ISS030/ISS030-E-279263.JPG
39311,-8.22491,39.3998347,http://crowdcrafting.org/app/nightcitiesiss/task/592122,http://eol.jsc.nasa.gov/sseop/images/ESC/small/ISS034/ISS034-E-39311.JPG
250206,22.937506,-30.559482,http://crowdcrafting.org/app/nightcitiesiss/task/592123,http://eol.jsc.nasa.gov/sseop/images/ESC/small/ISS030/ISS030-E-250206.JPG
39307,-9.1393366,38.7222524,http://crowdcrafting.org/app/nightcitiesiss/task/592124,http://eol.jsc.nasa.gov/sseop/images/ESC/small/ISS034/ISS034-E-39307.JPG
291368,10.1815316,36.8064948,http://crowdcrafting.org/app/nightcitiesiss/task/592125,http://eol.jsc.nasa.gov/sseop/images/ESC/small/ISS030/ISS030-E-291368.JPG
237262,-8.22491,39.3998347,http://crowdcrafting.org/app/nightcitiesiss/task/592126,http://eol.jsc.nasa.gov/sseop/images/ESC/small/ISS030/ISS030-E-237262.JPG
22131,28.1880556,-25.7461111,http://crowdcrafting.org/app/nightcitiesiss/task/592127,http://eol.jsc.nasa.gov/sseop/images/ESC/small/ISS036/ISS036-E-22131.JPG
12642,-1.1306544,37.9922399,http://crowdcrafting.org/app/nightcitiesiss/task/592128,http://eol.jsc.nasa.gov/sseop/images/ESC/small/ISS032/ISS032-E-12642.JPG
209446,-6.2885962,36.5270612,http://crowdcrafting.org/app/nightcitiesiss/task/592129,http://eol.jsc.nasa.gov/sseop/images/ESC/small/ISS030/ISS030-E-209446.JPG
244814,-0.2784385,39.6798633,http://crowdcrafting.org/app/nightcitiesiss/task/592130,http://eol.jsc.nasa.gov/sseop/images/ESC/small/ISS030/ISS030-E-244814.JPG
16964,-0.3762881,39.4699075,http://crowdcrafting.org/app/nightcitiesiss/task/592131,http://eol.jsc.nasa.gov/sseop/images/ESC/small/ISS025/ISS025-E-16964.JPG
111105,12.56738,41.87194,http://crowdcrafting.org/app/nightcitiesiss/task/592132,http://eol.jsc.nasa.gov/sseop/images/ESC/small/ISS031/ISS031-E-111105.JPG
48589,3.042048,36.752887,http://crowdcrafting.org/app/nightcitiesiss/task/592133,http://eol.jsc.nasa.gov/sseop/images/ESC/small/ISS034/ISS034-E-48589.JPG
28954,40.4166667,21.2666667,http://crowdcrafting.org/app/nightcitiesiss/task/592134,http://eol.jsc.nasa.gov/sseop/images/ESC/small/ISS026/ISS026-E-28954.JPG
26928,10.8333333,35.7833333,http://crowdcrafting.org/app/nightcitiesiss/task/592135,http://eol.jsc.nasa.gov/sseop/images/ESC/small/ISS026/ISS026-E-26928.JPG
